insert into persona values
(72130004,'Jose','Torio','Villavicencio','Aeon','admin:V',963232564,'jose_tor@gmail.com'),
(45624154,'Rogelio Manuel','Tortosa','Plaza','Baron','nextPs56',972351146,'roger_manu@hotmail.com'),
(86521545,'Amadeo','Olivencia','Coronel','Buster','AmOli007',954742365,'coronelAO@gmail.com'),
(89551516,'Placido','Batalla','Angulo','LogHorn','diiskl',943256142,'gzPlacido123@gmail.com'),
(48654644,'Julio Eduardo','Gutierrez','Paredes','Julio','4516546132',963516654,'julio_edu89@gmail.com'),
(86716841,'Juan Roberto','Lopez','Polo','dude','ju01rol',994562412,'unamedmail@gmail.com'),
(12316543,'Abel Jesus','Holgado','Medina','Jesus','3257485426',976231145,'abel_jesu@gmail.com'),
(98411654,'Karel','Sanchez','Quiroz','Happy','Quaire4',986473359,'kkarelll@hotmail.com'),
(46465416,'Carlos Federico','Mamani','Romero','Carlos','3245685561',946686995,'carlosf00@gmail.com'),
(87465464,'Maria','Vega','Sosa','Maria','naisesosa',942556474,'sof_vega@gmail.com'),
(16564654,'Yovanna','Torres','Álvarez','ghost','uilikora11',966411238,'torres_alva@hotmail.com'),
(65468461,'Cristina Eugenia','Ruiz','Flores','Cris','cristina123',998621544,'chris_ruiz@gmail.com'),
(96749175,'Marta Lucia','Herrera','Suárez','Luci','shh1herrera',977336588,'malu_herr@gmail.com'),
(98714651,'Gabriel Alejandro','Rojas','Castro','gabogg22','boxSlde56',945622351,'ggabox2@gmail.com'),
(76417165,'Gabriel Alberto','Silva','Moreno','Gabo','Silva007',941155664,'alberto01@gmail.com'),
(86165413,'Mario Vicente','Domínguez','Muñoz','Mario','4126841956',973215543,'viccente03@gmail.com'),
(32514614,'Maria Vanessa','Vega','Vargas','Maria','passwordsCURE',956187339,'mari_vega@gmail.com'),
(52889249,'Ana María','Peralta','Ramos','user','PERFECTpAssword',964657321,'peralta_ana@gmail.com'),
(29829616,'Abraham','Correa','Guzmán','Abraham','ccrrea223',962361845,'eguzman@hotmail.com'),
(65465416,'Agustín','Escobar','Blanco','Agusto','9654713543',962545816,'escobar_agustin0@gmail.com'),
(75641315,'Adolfo Mario','Chávez','Acuña','Mario','8546235786',978588236,'marioc_Acuña@gmail.com'),
(76514411,'Alejandro','Soto','Toledo','Dorian','idkSome84',952662148,'ssoto_toledo@gmail.com'),
(98741651,'Fernanda Marisa','Franco','Leiva','Jzzzz','maisananda',963455186,'fernanda_leiva@hotmail.com'),
(56141646,'Diana','López','Fuentes','Phoeagon','metalPhoenix03',986495231,'diana123@gmail.com'),
(31516184,'Hugo','Torres','Apaza','Hugo','l0o0v0e',948632115,'hugo_ta@gmail.com'),
(46841461,'Ivan Tomas','Castillo','Carrasco','Fis:d','more156C',987654598,'ivanCastillo4@gmail.com'),
(61598911,'Isabel Rita','Rivera','Campos','Isa','Risi89',956231456,'isaRita_Vera@gmail.com'),
(98741998,'Carol','Zúñiga','Parra','Geks','Kilp06',956483256,'ZuPaCa01@gmail.com'),
(32431584,'Raul','Pizarro','Ruiz','Raul','Flash123',965587991,'RPizarro565@gmail.com'),
(98797489,'Diego Felipe','Palma','Paredes','Vip','diegofel96',976833265,'dIegofel45@gmail.com');

insert into usuario values
(72130004,900),
(45624154,400),
(86521545,2500),
(89551516,550),
(48654644,551),
(86716841,200),
(12316543,400),
(98411654,100),
(46465416,0),
(87465464,400),
(16564654,200),
(65468461,50),
(96749175,51),
(98714651,3700),
(76417165,0);

insert into recarga values
(1,3000,72130004),
(2,2500,45624154),
(3,4000,86521545),
(4,2000,89551516),
(5,1200,48654644),
(6,1500,86716841),
(7,1000,12316543),
(8,1600,98411654),
(9,2100,46465416),
(10,2500,87465464),
(11,1700,65468461),
(12,1500,96749175),
(13,700,98714651),
(14,5000,76417165),
(15,600,16564654);

insert into administrador values
(86165413,1000),
(32514614,1200),
(52889249,1000),
(29829616,1100),
(65465416,1200),
(75641315,1200),
(76514411,1000),
(98741651,1000),
(56141646,1100),
(31516184,1100),
(46841461,1200),
(61598911,1000),
(98741998,1200),
(32431584,1000),
(98797489,1200);

insert into carrito values
(1,72130004),
(2,45624154),
(3,86521545),
(4,89551516),
(5,48654644),
(6,86716841),
(7,12316543),
(8,98411654),
(9,46465416),
(10,87465464),
(11,16564654),
(12,65468461),
(13,96749175),
(14,98714651),
(15,76417165);

insert into caracteristica values
(1,'Megapixeles'),
(2,'Tamaño de pantalla'),
(3,'Velocidad Obturador'),
(4,'Modelo'),
(5,'Formatos de Imagen'),
(6,'Sensibilidad Iso'),
(8,'Calidad Grabacion'),
(9,'Alto'),
(10,'Ancho'),
(11,'Profundidad'),
(12,'Peso'),
(13,'Zoom Digital'),
(14,'Zoom Optico'),
(15,'Ranura memoria'),
(16,'Memoria expandible'),
(17,'M.externa incluida'),
(18,'Fuente de energía'),
(19,'Hecho en'),
(20,'Garantía');

insert into almacen values
(1,'MIGUEL HIDALGO NO 689-Ica',100),
(2,'ARTEAGA NO 729-Arequipa',150),
(3,'C. ALDAMA NO. 25-Lima',200),
(4,'AV. 20 DE NOVIEMBRE NO 1137-Tacna',100),
(5,'CALLE MATAMOROS NO. 415-Trujillo',200);

insert into proveedor values
(1,'GRUPO UPGRADE S.A.C.','AV. INDEPENDENCIA NO. 241','Arequipa',034234516),
(2,'PROVEEDORES KAPHIA S.A.C','CALLE AGUSTIN LARA NO. 69-B','Ica',037457315),
(3,'CORPORACION MERU','AV. 5 DE MAYO NO. 1652','Trujillo',044567512),
(4,'GAMA CONSULTORES','MATAMOROS NO 149','Caylloma',045758452),
(5,'COMERCIAL SECME','CALLE OCAMPO NO 14','Lima',051541235),
(6,'VENDETEL','AV. JESUS CARRANZA NO. 60','Asunción',033214512),
(7,'VENUS DISTRIBUCIONES','CALLE ALDAMA NO 156','Tacna',041258645),
(8,'IASOS TECNOLOGY','AV. JESUS CARRANZA NO. 991','Lima',051548765),
(9,'DISTRIBUCIONES MANKUPER','AV. 5 DE MAYO NO. 1226','Arequipa',034213569),
(10,'INFOAMERICA EMPRESA','AV. 20 DE NOVIEMBRE NO 1320','Cajamarca ',042457682);

insert into compra values
(1,'16-11-2011',1),
(2,'12-02-2015',2),
(3,'16-05-2010',3),
(4,'11-09-2012',4),
(5,'16-11-2013',5),
(6,'14-12-2010',6),
(7,'13-04-2015',7),
(8,'16-12-2016',8),
(9,'19-05-2018',9),
(10,'09-09-2013',10),
(11,'05-12-2012',1),
(12,'23-10-2010',2),
(13,'18-11-2012',3),
(14,'01-09-2014',4),
(15,'02-07-2019',5);


insert into producto values
(14998463,'Cámara T6 con Lente 18-55mm + Lente EF75-300mm III + Memoria + Maletín','Camaras Semiprofesionales','CANON',2100),
(16415374,'Cámara Semi Profesional Mirrorless ILCE-5100L/24.3 MP/ Video Full HD/Lente 16-50mm','Camaras Semiprofesionales','SONY',2700),
(15136315,'EOS Combo 44: Cámara + Lente + SD 16GB + Maletín','Camaras Semiprofesionales','CANON',2100),
(16299275,'Cámara EOS Rebel SL2 EF-S18-55MM IS STM','Camaras Semiprofesionales','CANON',2900),

(15800946,'Cámara Fotográfica EOS T7i 18-55 24,2 MP','Camaras Compactas','CANON',4100),
(16463281,'Hero 7 Black Special Edition','Camaras Compactas','GOPRO',1500),
(15811077,'Cámara Digital Cybershot DSC-HX400V de 20.4 MP con Zoom 50X/Video Full HD/WiFi/Lente Zeiss','Camaras Compactas','SONY',1450),
(14857488,'Cámara Digital Power Shot Elph 190 Kit Negro','Camaras Compactas','CANON',649),

(15705667,'Videocámara Handycam FDR-AX40 4K/Zoom 20X/Estabilizador de Imagen De 5 Ejes','Camaras de video','SONY',4450),
(15819957,' Videocámara HDR-CX675 Full HD/Zoom 30X/Steadyshot/WiFi/32GB','Camaras de video','SONY',2450),
(15942123,'Cámaras de Video HF-R80 HD Negro','Camaras de video','CANON',1300),
(16299353,'Cámara de Video 4K HF-GX10','Camaras de video','CANON',10000),

(16450448,'Cámara deportiva HD 16.1 mpx DMCSD-TS30R','Camaras Deportivas','CANON',600),
(16711283,'Hero 7 Black Special Edition','Camaras Deportivas','GOPRO',1500),
(16086973,'Coolpix Acúatica W300 WiFi Video 4K Naranja','Camaras Deportivas','CANON',1900);

insert into pro_compra values
(14998463,1,1500,30),
(16415374,2,2100,6),
(15136315,3,1500,15),
(16299275,4,2200,10),
(15800946,5,3100,10),
(16463281,6,1200,20),
(15811077,7,1100,15),
(14857488,8,460,20),
(15705667,9,3200,10),
(15819957,10,1800,10),
(15942123,11,975,14),
(16299353,12,8000,10),
(16450448,13,450,10),
(16711283,14,1100,25),
(16086973,15,1425,20);

insert into producto_almacen values
(14998463,3,18),
(14998463,2,10),
(16415374,1,6),
(15136315,3,13),
(16299275,2,10),
(15800946,1,10),
(16463281,5,18),
(15811077,4,13),
(14857488,3,18),
(15705667,1,10),
(15819957,1,10),
(15942123,4,14),
(16299353,2,10),
(16450448,5,8),
(16711283,4,24),
(16086973,1,20);

insert into camara values
(14998463),
(16415374),
(15136315),
(16299275),
(15800946),
(16463281),
(15811077),
(14857488),
(15705667),
(15819957),
(15942123),
(16299353),
(16450448),
(16711283),
(16086973);



insert into foto(imagen,codigo_producto) values
('img/16415374_1.jpg',16415374),
('img/16415374_2.jpg',16415374),
('img/15136315_1.jpg',15136315),
('img/15136315_15.jpg',15136315),
('img/14998463_1.jpg',14998463),
('img/14998463_15.jpg',14998463),
('img/16299275_1.jpg',16299275),
('img/16299275_2.jpg',16299275),
('img/15800946_1.jpg',15800946),
('img/15800946_2.jpg',15800946),
('img/16463281_1.jpg',16463281),
('img/16463281_10.jpg',16463281),
('img/15811077.jpg',15811077),
('img/15811077_2.jpg',15811077),
('img/14857488_1.jpg',14857488),
('img/14857488_2.jpg',14857488),
('img/15705667_1.jpg',15705667),
('img/15705667_2.jpg',15705667),
('img/15819957_1.jpg',15819957),
('img/15942123_1.jpg',15942123),
('img/15942123_2.jpg',15942123),
('img/16299353_1.jpg',16299353),
('img/16299353_2.jpg',16299353),
('img/16450448_1.jpg',16450448),
('img/16711283_1.jpg',16711283),
('img/16711283_2.jpg',16711283),
('img/16086973_1.jpg',16086973),
('img/16086973_2.jpg',16086973);

insert into produc_carac values

(14998463,1,'18 MP'),
(14998463,2,'3 pulgadas'),
(14998463,3,'30 seg'),
(14998463,4,'EOS T6 18 55 DC'),
(14998463,9,'10,1 cm'),
(14998463,10,'12,9 cm'),
(14998463,11,'7,7 cm'),
(14998463,12,'0,4 kg'),
(14998463,18,'Baterías'),

(16415374,2,'3 pulgadas'),
(16415374,3,'1/4000 - 30'),
(16415374,5,'JPEG/RAW'),
(16415374,6,'Auto; 100-25600; (51200 max)'),
(16415374,4,'ILCE-5100+5520+mSD+Maletín'),
(16415374,13,'8x'),
(16415374,8,'Full HD'),
(16415374,15,'Sí'),
(16415374,18,'Corriente/Baterías'),
(16415374,19,'China'),

(15136315,1,'18 MP'),
(15136315,2,'3 pulgadas'),
(15136315,4,'EOS COMBO 44'),
(15136315,8,'Full HD'),
(15136315,18,'Baterías'),

(16299275,1,'24.2'),
(16299275,2,'3 pulgadas'),
(16299275,3,'01/01/4000'),
(16299275,5,'JPEG/RAW'),
(16299275,6,'Auto, 100-25600,(102400 max)'),
(16299275,4,'SL2 EF-S18-55MM IS STM'),
(16299275,20,'1 año'),


(15800946,1,'24.2 MP'),
(15800946,2,'3 pulgadas'),
(15800946,3,'6 fps'),
(15800946,4,'EOS T7i 18-55'),
(15800946,8,'2HDR'),

(16463281,1,'12 MP'),
(16463281,2,'2 pulgadas'),
(16463281,3,'1/25 - 1/2000'),
(16463281,4,'Hero7 Black'),
(16463281,5,'JPEG/RAW'),
(16463281,6,'ISO Automático'),
(16463281,8,'4K Ultra HD'),
(16463281,9,'22 cm'),
(16463281,10,'10.5 cm'),
(16463281,11,'7 cm'),
(16463281,12,'0.455 kg'),

(15811077,1,'20.4 MP'),
(15811077,2,'3 pulgadas'),
(15811077,4,'DSC-HX400/B'),
(15811077,5,'JPEG'),
(15811077,9,'9,32 cm'),
(15811077,10,'12,96 cm'),
(15811077,11,'10,32 cm'),

(14857488,1,'20 MP'),
(14857488,2,'2.7 pulgadas'),
(14857488,4,'ELPH 190IS Back'),
(14857488,8,'HD'),
(14857488,12,'0,138 kg'),
(14857488,14,'10X'),
(14857488,18,'Baterías'),

(15705667,1,'Fotografía:16,6MP Video:8,29MP'),
(15705667,3,'1/8(NTSC)/1/6(PAL)-1/10.000'),
(15705667,4,'FDR-AX40/BC E23'),
(15705667,5,'JPEG'),
(15705667,6,'ISO Automático'),
(15705667,12,'0,2 kg'),
(15705667,13,'Sí'),
(15705667,14,'Sí'),
(15705667,8,'4K Ultra HD'),
(15705667,16,'Sí'),
(15705667,17,'Sí'),

(15819957,1,'9.2 MP'),
(15819957,5,'JPEG'),
(15819957,4,'HDR-CX675'),
(15819957,14,'30X'),
(15819957,8,'Full HD'),

(15942123,1,'2.7 MP'),
(15942123,2,'3 pulgadas'),
(15942123,3,'1/2000 seg'),
(15942123,4,'HF-R80'),
(15942123,9,'11,6 cm'),
(15942123,10,'5,8 cm'),
(15942123,11,'5,3 cm'),

(16299353,2,'3.5 pulgadas'),
(16299353,4,'HF-GX10'),
(16299353,9,'9,7 cm'),
(16299353,10,'13,5 cm'),
(16299353,11,'21,4 cm'),
(16299353,12,'1,14 Kg'),
(16299353,14,'15X'),
(16299353,8,'4K Ultra HD'),
(16299353,20,'1 año'),

(16450448,1,'16.1 mpx'),
(16450448,2,'2.7'),
(16450448,3,'2 seg / 10 seg'),
(16450448,5,'JPEG'),
(16450448,6,'100-1600'),
(16450448,4,'DMCSD-TS30R'),

(16711283,1,'12mp'),
(16711283,2,'2 pulgadas'),
(16711283,5,'JPEG'),
(16711283,6,'Auto, 100-3200'),
(16711283,8,'4K Ultra HD'),
(16711283,18,'Corriente'),
(16711283,19,'China'),

(16086973,4,'Coolpix W300 Naranja'),
(16086973,9,'6.60 cm'),
(16086973,10,'11.15 cm'),
(16086973,11,'2.90 cm'),
(16086973,12,'232 g con batería'),
(16086973,13,'Hasta 4x'),
(16086973,14,'5x'),
(16086973,1,'16.0 megapíxeles');


insert into venta values

(1,'07-08-2012',72130004),
(2,'06-10-2015',45624154),
(3,'05-11-2011',86521545),
(4,'05-07-2016',89551516),
(5,'09-08-2017',48654644),
(6,'11-12-2018',86716841),
(7,'15-12-2013',12316543),
(8,'10-08-2015',98411654),
(9,'11-11-2014',46465416),
(10,'21-07-2016',87465464),
(11,'06-10-2016',16564654),
(12,'03-11-2017',65468461),
(13,'19-12-2010',96749175),
(14,'09-07-2018',98714651),
(15,'08-05-2018',76417165);

insert into venta_pro values

(1,14998463),
(2,15136315),
(3,16463281),
(4,15811077),
(5,14857488),
(6,15942123),
(7,16450448),
(8,16711283),
(9,14998463),
(10,15136315),
(11,16463281),
(12,15811077),
(13,14857488),
(14,15942123),
(15,16450448);

insert into comentario(comentario,puntuacion,codigo_producto,dni_usuario) values
('Buen producto',4,14998463,72130004),
('Se malogro en poco tiempo',2,16450448,76417165),
('Buen costo beneficio',4,14857488,48654644),
('Es de mala calidad :/',1,16450448,12316543),
('Tiene muy buen enfoque, y las fotos con flash son buenísimas !',5,15942123,98714651),
('Una cámara super completa',5,16463281,86521545),
('Es realmente alucinante ',5,15136315,45624154),
('Buen producto, me brindó una experiencia única en mis viajes',4,15136315,87465464),
('Producto nuevo y en excelentes condiciones',4,14857488,96749175),
('Primer comentario',4,14998463,46465416),
('Esta camra es perfecta para hacer blogs',4,16463281,16564654),
('Esta camara es muy facil de usar',4,15942123,86716841),
('Es muy buena camara para el precio!',4,15811077,89551516),
('Me sorprende su tamaño y su calidad',4,15811077,65468461),
('El zoom es impresionante no pierde calidad',4,16711283,98411654);

insert into carr_pro values
(1,16299353),
(1,16450448),
(1,15819957),
(2,14857488),
(2,16086973),
(8,16299353),
(5,16086973),
(5,15819957),
(6,15800946),
(6,14998463),
(7,15800946),
(8,14857488),
(10,16415374),
(10,16711283),
(11,14998463);


select setval(pg_get_serial_sequence('carrito', 'id_carrito'),50);
select setval(pg_get_serial_sequence('recarga', 'id_recarga'),50);
select setval(pg_get_serial_sequence('venta', 'id_venta'),50);
select setval(pg_get_serial_sequence('comentario', 'id_comentario'),50);
select setval(pg_get_serial_sequence('proveedor', 'codigo_proveedor'),50);
select setval(pg_get_serial_sequence('compra', 'id_compra'),50);
select setval(pg_get_serial_sequence('caracteristica', 'id_caracteristica'),50);
select setval(pg_get_serial_sequence('foto', 'id_foto'),100);
select setval(pg_get_serial_sequence('almacen', 'id_almacen'),50);






